recv_time_ns,seq,send_ts_us,timestamp_mode,latency_ms,payload_bytes,frame_bytes,arrival_interval_ms
1785553331173985600,702284,1785553330014147,epoch_us,1159.8386,4096,4110,
1785553331181172600,702285,1785553330064878,epoch_us,1116.2946,4096,4110,7.187
1785553331218448000,702286,1785553330114876,epoch_us,1103.572,4096,4110,37.2754
1785553331281350700,702287,1785553330164859,epoch_us,1116.4917,4096,4110,62.9027
1785553331381323700,702288,1785553330214864,epoch_us,1166.4597,4096,4110,99.973
1785553331386748900,702289,1785553330264860,epoch_us,1121.8889,4096,4110,5.4252
1785553331417428800,702290,1785553330314860,epoch_us,1102.5688,4096,4110,30.6799
1785553331486888500,702291,1785553330364855,epoch_us,1122.0335,4096,4110,69.4597
1785553331586123700,702292,1785553330414870,epoch_us,1171.2537,4096,4110,99.2352
1785553331591566700,702293,1785553330464861,epoch_us,1126.7057,4096,4110,5.443
1785553331617098500,702294,1785553330514858,epoch_us,1102.2405,4096,4110,25.5318
1785553331702289900,702295,1785553330564856,epoch_us,1137.4339,4096,4110,85.1914
1785553331783298300,702296,1785553330614860,epoch_us,1168.4383,4096,4110,81.0084
1785553331790048600,702297,1785553330664856,epoch_us,1125.1926,4096,4110,6.7503
1785553331816699500,702298,1785553330714873,epoch_us,1101.8265,4096,4110,26.6509
1785553331885651700,702299,1785553330764856,epoch_us,1120.7957,4096,4110,68.9522
1785553331984668500,702300,1785553330814866,epoch_us,1169.8025,4096,4110,99.0168
1785553331989121200,702301,1785553330864852,epoch_us,1124.2692,4096,4110,4.4527
1785553332012535200,702302,1785553330914868,epoch_us,1097.6672,4096,4110,23.414
1785553332091192600,702303,1785553330964855,epoch_us,1126.3376,4096,4110,78.6574
1785553332324605700,702304,1785553331014860,epoch_us,1309.7457,4096,4110,233.4131
1785553332330096000,702305,1785553331064864,epoch_us,1265.232,4096,4110,5.4903
1785553332333073600,702306,1785553331121038,epoch_us,1212.0356,4096,4110,2.9776
1785553332335808200,702307,1785553331164854,epoch_us,1170.9542,4096,4110,2.7346
1785553332388007500,702308,1785553331214859,epoch_us,1173.1485,4096,4110,52.1993
1785553332390620100,702309,1785553331264856,epoch_us,1125.7641,4096,4110,2.6126
1785553332420859300,702310,1785553331314869,epoch_us,1105.9903,4096,4110,30.2392
1785553332496972500,702311,1785553331364858,epoch_us,1132.1145,4096,4110,76.1132
1785553332596073300,702312,1785553331414859,epoch_us,1181.2143,4096,4110,99.1008
1785553332602442900,702313,1785553331464857,epoch_us,1137.5859,4096,4110,6.3696
1785553332615468000,702314,1785553331514861,epoch_us,1100.607,4096,4110,13.0251
1785553332698583900,702315,1785553331564858,epoch_us,1133.7259,4096,4110,83.1159
1785553332802415500,702316,1785553331614859,epoch_us,1187.5565,4096,4110,103.8316
1785553332805067000,702317,1785553331664860,epoch_us,1140.207,4096,4110,2.6515
1785553332814591400,702318,1785553331714861,epoch_us,1099.7304,4096,4110,9.5244
1785553332903430400,702319,1785553331764853,epoch_us,1138.5774,4096,4110,88.839
1785553332960607500,702320,1785553331814858,epoch_us,1145.7495,4096,4110,57.1771
1785553333009089500,702321,1785553331864856,epoch_us,1144.2335,4096,4110,48.482
1785553333111448100,702322,1785553331914857,epoch_us,1196.5911,4096,4110,102.3586
1785553333430372100,702323,1785553331964867,epoch_us,1465.5051,4096,4110,318.924
1785553333437944700,702324,1785553332014912,epoch_us,1423.0327,4096,4110,7.5726
1785553333441669400,702325,1785553332064859,epoch_us,1376.8104,4096,4110,3.7247
1785553333444602700,702326,1785553332114860,epoch_us,1329.7427,4096,4110,2.9333
1785553333448201500,702327,1785553332164945,epoch_us,1283.2565,4096,4110,3.5988
1785553333450771300,702328,1785553332214877,epoch_us,1235.8943,4096,4110,2.5698
1785553333453368100,702329,1785553332264858,epoch_us,1188.5101,4096,4110,2.5968
1785553333519182200,702330,1785553332314880,epoch_us,1204.3022,4096,4110,65.8141
1785553333524682600,702331,1785553332364861,epoch_us,1159.8216,4096,4110,5.5004
1785553333527791300,702332,1785553332414868,epoch_us,1112.9233,4096,4110,3.1087
1785553333622892200,702333,1785553332464856,epoch_us,1158.0362,4096,4110,95.1009
1785553333629080000,702334,1785553332514855,epoch_us,1114.225,4096,4110,6.1878
1785553333668814400,702335,1785553332564860,epoch_us,1103.9544,4096,4110,39.7344
1785553333723982700,702336,1785553332614854,epoch_us,1109.1287,4096,4110,55.1683
1785553333829323700,702337,1785553332664863,epoch_us,1164.4607,4096,4110,105.341
1785553333838816300,702338,1785553332714852,epoch_us,1123.9643,4096,4110,9.4926
1785553333868013300,702339,1785553332764857,epoch_us,1103.1563,4096,4110,29.197
1785553333932675700,702340,1785553332814854,epoch_us,1117.8217,4096,4110,64.6624
1785553334034772400,702341,1785553332864866,epoch_us,1169.9064,4096,4110,102.0967
1785553334043334100,702342,1785553332914856,epoch_us,1128.4781,4096,4110,8.5617
1785553334073398200,702343,1785553332964865,epoch_us,1108.5332,4096,4110,30.0641
1785553334325565000,702344,1785553333014858,epoch_us,1310.707,4096,4110,252.1668
1785553334337568800,702345,1785553333064864,epoch_us,1272.7048,4096,4110,12.0038
1785553334346501500,702346,1785553333114853,epoch_us,1231.6485,4096,4110,8.9327
1785553334355065500,702347,1785553333164873,epoch_us,1190.1925,4096,4110,8.564
1785553334363147400,702348,1785553333214858,epoch_us,1148.2894,4096,4110,8.0819
1785553334441273400,702349,1785553333264860,epoch_us,1176.4134,4096,4110,78.126
1785553334449986100,702350,1785553333314859,epoch_us,1135.1271,4096,4110,8.7127
1785553334471327000,702351,1785553333364861,epoch_us,1106.466,4096,4110,21.3409
1785553334547887000,702352,1785553333414861,epoch_us,1133.026,4096,4110,76.56
1785553334646697400,702353,1785553333464863,epoch_us,1181.8344,4096,4110,98.8104
1785553334656365700,702354,1785553333514856,epoch_us,1141.5097,4096,4110,9.6683
1785553334669357200,702355,1785553333564856,epoch_us,1104.5012,4096,4110,12.9915
1785553334750918200,702356,1785553333614853,epoch_us,1136.0652,4096,4110,81.561
1785553334850063900,702357,1785553333664863,epoch_us,1185.2009,4096,4110,99.1457
1785553334858661800,702358,1785553333714855,epoch_us,1143.8068,4096,4110,8.5979
1785553334866107100,702359,1785553333764856,epoch_us,1101.2511,4096,4110,7.4453
1785553334956481000,702360,1785553333814870,epoch_us,1141.611,4096,4110,90.3739
1785553335055137100,702361,1785553333864863,epoch_us,1190.2741,4096,4110,98.6561
1785553335061523000,702362,1785553333914852,epoch_us,1146.671,4096,4110,6.3859
1785553335067560800,702363,1785553333964858,epoch_us,1102.7028,4096,4110,6.0378
1785553335318091500,702364,1785553334014854,epoch_us,1303.2375,4096,4110,250.5307
1785553335329604400,702365,1785553334064863,epoch_us,1264.7414,4096,4110,11.5129
1785553335339287600,702366,1785553334114882,epoch_us,1224.4056,4096,4110,9.6832
1785553335348537400,702367,1785553334164860,epoch_us,1183.6774,4096,4110,9.2498
1785553335363496400,702368,1785553334214856,epoch_us,1148.6404,4096,4110,14.959
1785553335418036600,702369,1785553334264878,epoch_us,1153.1586,4096,4110,54.5402
1785553335428118000,702370,1785553334314856,epoch_us,1113.262,4096,4110,10.0814
1785553335519961600,702371,1785553334364854,epoch_us,1155.1076,4096,4110,91.8436
1785553335529689800,702372,1785553334414868,epoch_us,1114.8218,4096,4110,9.7282
1785553335608381000,702373,1785553334464858,epoch_us,1143.523,4096,4110,78.6912
1785553335674249900,702374,1785553334514860,epoch_us,1159.3899,4096,4110,65.8689
1785553335686927800,702375,1785553334564855,epoch_us,1122.0728,4096,4110,12.6779
1785553335722787400,702376,1785553334614867,epoch_us,1107.9204,4096,4110,35.8596
1785553335784321000,702377,1785553334664855,epoch_us,1119.466,4096,4110,61.5336
1785553335876112700,702378,1785553334714865,epoch_us,1161.2477,4096,4110,91.7917
1785553335882881600,702379,1785553334764858,epoch_us,1118.0236,4096,4110,6.7689
1785553335925827500,702380,1785553334814860,epoch_us,1110.9675,4096,4110,42.9459
1785553335981373000,702381,1785553334864865,epoch_us,1116.508,4096,4110,55.5455
1785553336085181600,702382,1785553334914861,epoch_us,1170.3206,4096,4110,103.8086
1785553336096652100,702383,1785553334964858,epoch_us,1131.7941,4096,4110,11.4705
1785553336129156700,702384,1785553335014859,epoch_us,1114.2977,4096,4110,32.5046
1785553336381322900,702385,1785553335064852,epoch_us,1316.4709,4096,4110,252.1662
1785553336392408400,702386,1785553335114864,epoch_us,1277.5444,4096,4110,11.0855
1785553336401523700,702387,1785553335164855,epoch_us,1236.6687,4096,4110,9.1153
1785553336411710900,702388,1785553335214870,epoch_us,1196.8409,4096,4110,10.1872
1785553336421599900,702389,1785553335264854,epoch_us,1156.7459,4096,4110,9.889
1785553336493682800,702390,1785553335314868,epoch_us,1178.8148,4096,4110,72.0829
1785553336504740700,702391,1785553335364858,epoch_us,1139.8827,4096,4110,11.0579
1785553336518693200,702392,1785553335414860,epoch_us,1103.8332,4096,4110,13.9525
1785553336593903700,702393,1785553335464855,epoch_us,1129.0487,4096,4110,75.2105
1785553336698081000,702394,1785553335514860,epoch_us,1183.221,4096,4110,104.1773
1785553336709491500,702395,1785553335564858,epoch_us,1144.6335,4096,4110,11.4105
1785553336723906900,702396,1785553335614860,epoch_us,1109.0469,4096,4110,14.4154
1785553336805555000,702397,1785553335664859,epoch_us,1140.696,4096,4110,81.6481
1785553336899264700,702398,1785553335714856,epoch_us,1184.4087,4096,4110,93.7097
1785553336908928000,702399,1785553335764857,epoch_us,1144.071,4096,4110,9.6633
1785553336921966400,702400,1785553335814859,epoch_us,1107.1074,4096,4110,13.0384
1785553337005475900,702401,1785553335864854,epoch_us,1140.6219,4096,4110,83.5095
1785553337106981900,702402,1785553335914862,epoch_us,1192.1199,4096,4110,101.506
1785553337117925900,702403,1785553335964875,epoch_us,1153.0509,4096,4110,10.944
1785553337127221900,702404,1785553336014862,epoch_us,1112.3599,4096,4110,9.296
1785553337387354900,702405,1785553336064858,epoch_us,1322.4969,4096,4110,260.133
1785553337400155300,702406,1785553336114860,epoch_us,1285.2953,4096,4110,12.8004
1785553337410561900,702407,1785553336164858,epoch_us,1245.7039,4096,4110,10.4066
1785553337420200700,702408,1785553336214861,epoch_us,1205.3397,4096,4110,9.6388
1785553337430148000,702409,1785553336264862,epoch_us,1165.286,4096,4110,9.9473
1785553337441759700,702410,1785553336314854,epoch_us,1126.9057,4096,4110,11.6117
1785553337513685400,702411,1785553336364866,epoch_us,1148.8194,4096,4110,71.9257
1785553337559058100,702412,1785553336414874,epoch_us,1144.1841,4096,4110,45.3727
1785553337616393900,702413,1785553336464856,epoch_us,1151.5379,4096,4110,57.3358
1785553337626606100,702414,1785553336514857,epoch_us,1111.7491,4096,4110,10.2122
1785553337669810800,702415,1785553336564858,epoch_us,1104.9528,4096,4110,43.2047
1785553337719848300,702416,1785553336614855,epoch_us,1104.9933,4096,4110,50.0375
1785553337770349100,702417,1785553336664860,epoch_us,1105.4891,4096,4110,50.5008
1785553337823894200,702418,1785553336714861,epoch_us,1109.0332,4096,4110,53.5451
1785553337871627900,702419,1785553336764857,epoch_us,1106.7709,4096,4110,47.7337
1785553337926899100,702420,1785553336814858,epoch_us,1112.0411,4096,4110,55.2712
1785553338028771000,702421,1785553336864866,epoch_us,1163.905,4096,4110,101.8719
1785553338038785200,702422,1785553336914861,epoch_us,1123.9242,4096,4110,10.0142
1785553338080498500,702423,1785553336964862,epoch_us,1115.6365,4096,4110,41.7133
1785553338129658400,702424,1785553337014861,epoch_us,1114.7974,4096,4110,49.1599
1785553338231092000,702425,1785553337064864,epoch_us,1166.228,4096,4110,101.4336
1785553338370347500,702426,1785553337114856,epoch_us,1255.4915,4096,4110,139.2555
1785553338382392100,702427,1785553337164871,epoch_us,1217.5211,4096,4110,12.0446
1785553338392012000,702428,1785553337214852,epoch_us,1177.16,4096,4110,9.6199
1785553338435985800,702429,1785553337264862,epoch_us,1171.1238,4096,4110,43.9738
1785553338446702500,702430,1785553337314862,epoch_us,1131.8405,4096,4110,10.7167
1785553338468606300,702431,1785553337364867,epoch_us,1103.7393,4096,4110,21.9038
1785553338539802100,702432,1785553337414855,epoch_us,1124.9471,4096,4110,71.1958
1785553338642038800,702433,1785553337464866,epoch_us,1177.1728,4096,4110,102.2367
1785553338651945300,702434,1785553337514856,epoch_us,1137.0893,4096,4110,9.9065
1785553338668218000,702435,1785553337564856,epoch_us,1103.362,4096,4110,16.2727
1785553338742850900,702436,1785553337614853,epoch_us,1127.9979,4096,4110,74.6329
1785553338771309800,702437,1785553337664859,epoch_us,1106.4508,4096,4110,28.4589
1785553338848163100,702438,1785553337714856,epoch_us,1133.3071,4096,4110,76.8533
1785553338949196700,702439,1785553337764862,epoch_us,1184.3347,4096,4110,101.0336
1785553338958936200,702440,1785553337814865,epoch_us,1144.0712,4096,4110,9.7395
1785553338969878300,702441,1785553337864866,epoch_us,1105.0123,4096,4110,10.9421
1785553339054354500,702442,1785553337914855,epoch_us,1139.4995,4096,4110,84.4762
1785553339151387800,702443,1785553337964860,epoch_us,1186.5278,4096,4110,97.0333
1785553339161051400,702444,1785553338014853,epoch_us,1146.1984,4096,4110,9.6636
1785553339171416900,702445,1785553338064864,epoch_us,1106.5529,4096,4110,10.3655
1785553339422311600,702446,1785553338114862,epoch_us,1307.4496,4096,4110,250.8947
1785553339434718200,702447,1785553338164859,epoch_us,1269.8592,4096,4110,12.4066
1785553339444151300,702448,1785553338214852,epoch_us,1229.2993,4096,4110,9.4331
1785553339453895800,702449,1785553338264862,epoch_us,1189.0338,4096,4110,9.7445
1785553339463372200,702450,1785553338314885,epoch_us,1148.4872,4096,4110,9.4764
1785553339509747300,702451,1785553338364920,epoch_us,1144.8273,4096,4110,46.3751
1785553339565406600,702452,1785553338414856,epoch_us,1150.5506,4096,4110,55.6593
1785553339575285300,702453,1785553338465039,epoch_us,1110.2463,4096,4110,9.8787
1785553339664704300,702454,1785553338514857,epoch_us,1149.8473,4096,4110,89.419
1785553339712422200,702455,1785553338564871,epoch_us,1147.5512,4096,4110,47.7179
1785553339766122300,702456,1785553338614872,epoch_us,1151.2503,4096,4110,53.7001
1785553339818220700,702457,1785553338664855,epoch_us,1153.3657,4096,4110,52.0984
1785553339827858600,702458,1785553338714873,epoch_us,1112.9856,4096,4110,9.6379
1785553339870617700,702459,1785553338764860,epoch_us,1105.7577,4096,4110,42.7591
1785553339971407100,702460,1785553338814858,epoch_us,1156.5491,4096,4110,100.7894
1785553339980661200,702461,1785553338864858,epoch_us,1115.8032,4096,4110,9.2541
1785553340019540500,702462,1785553338914866,epoch_us,1104.6745,4096,4110,38.8793
1785553340077093800,702463,1785553338964853,epoch_us,1112.2408,4096,4110,57.5533
1785553340177519200,702464,1785553339014858,epoch_us,1162.6612,4096,4110,100.4254
1785553340185611600,702465,1785553339064861,epoch_us,1120.7506,4096,4110,8.0924
1785553340220698700,702466,1785553339114860,epoch_us,1105.8387,4096,4110,35.0871
1785553340417605500,702467,1785553339164855,epoch_us,1252.7505,4096,4110,196.9068
1785553340429218800,702468,1785553339214862,epoch_us,1214.3568,4096,4110,11.6133
1785553340438407000,702469,1785553339264856,epoch_us,1173.551,4096,4110,9.1882
1785553340447802900,702470,1785553339314874,epoch_us,1132.9289,4096,4110,9.3959
1785553340485964700,702471,1785553339364857,epoch_us,1121.1077,4096,4110,38.1618
1785553340585803500,702472,1785553339414869,epoch_us,1170.9345,4096,4110,99.8388
1785553340594959400,702473,1785553339464854,epoch_us,1130.1054,4096,4110,9.1559
1785553340619968200,702474,1785553339514862,epoch_us,1105.1062,4096,4110,25.0088
1785553340692642100,702475,1785553339564856,epoch_us,1127.7861,4096,4110,72.6739
1785553340791768400,702476,1785553339614867,epoch_us,1176.9014,4096,4110,99.1263
1785553340803435300,702477,1785553339664857,epoch_us,1138.5783,4096,4110,11.6669
1785553340820769200,702478,1785553339714863,epoch_us,1105.9062,4096,4110,17.3339
1785553340901782700,702479,1785553339764857,epoch_us,1136.9257,4096,4110,81.0135
1785553341000158800,702480,1785553339814862,epoch_us,1185.2968,4096,4110,98.3761
1785553341011880300,702481,1785553339864856,epoch_us,1147.0243,4096,4110,11.7215
1785553341025677600,702482,1785553339914856,epoch_us,1110.8216,4096,4110,13.7973
1785553341100388700,702483,1785553339964854,epoch_us,1135.5347,4096,4110,74.7111
1785553341199427100,702484,1785553340014864,epoch_us,1184.5631,4096,4110,99.0384
1785553341208638500,702485,1785553340064866,epoch_us,1143.7725,4096,4110,9.2114
1785553341215762900,702486,1785553340114863,epoch_us,1100.8999,4096,4110,7.1244
1785553341472458600,702487,1785553340164855,epoch_us,1307.6036,4096,4110,256.6957
1785553341485549000,702488,1785553340214862,epoch_us,1270.687,4096,4110,13.0904
1785553341495958200,702489,1785553340264858,epoch_us,1231.1002,4096,4110,10.4092
1785553341505573800,702490,1785553340314862,epoch_us,1190.7118,4096,4110,9.6156
1785553341515868600,702491,1785553340364854,epoch_us,1151.0146,4096,4110,10.2948
1785553341566025800,702492,1785553340414856,epoch_us,1151.1698,4096,4110,50.1572
1785553341618511400,702493,1785553340464921,epoch_us,1153.5904,4096,4110,52.4856
1785553341629339200,702494,1785553340514951,epoch_us,1114.3882,4096,4110,10.8278
1785553341719904700,702495,1785553340564857,epoch_us,1155.0477,4096,4110,90.5655
1785553341728490800,702496,1785553340614857,epoch_us,1113.6338,4096,4110,8.5861
1785553341816459000,702497,1785553340664866,epoch_us,1151.593,4096,4110,87.9682
1785553341826468500,702498,1785553340714854,epoch_us,1111.6145,4096,4110,10.0095
1785553341916751300,702499,1785553340764854,epoch_us,1151.8973,4096,4110,90.2828
1785553341964210600,702500,1785553340814855,epoch_us,1149.3556,4096,4110,47.4593
1785553341974056600,702501,1785553340864940,epoch_us,1109.1166,4096,4110,9.846
1785553342025319100,702502,1785553340914861,epoch_us,1110.4581,4096,4110,51.2625
1785553342126364900,702503,1785553340964862,epoch_us,1161.5029,4096,4110,101.0458
1785553342136403600,702504,1785553341014858,epoch_us,1121.5456,4096,4110,10.0387
1785553342171438100,702505,1785553341064870,epoch_us,1106.5681,4096,4110,35.0345
1785553342231243900,702506,1785553341114854,epoch_us,1116.3899,4096,4110,59.8058
1785553342327440500,702507,1785553341164879,epoch_us,1162.5615,4096,4110,96.1966
1785553342530644700,702508,1785553341214858,epoch_us,1315.7867,4096,4110,203.2042
1785553342542320800,702509,1785553341264862,epoch_us,1277.4588,4096,4110,11.6761
1785553342550689400,702510,1785553341314856,epoch_us,1235.8334,4096,4110,8.3686
1785553342559659400,702511,1785553341364859,epoch_us,1194.8004,4096,4110,8.97
1785553342568265000,702512,1785553341414852,epoch_us,1153.413,4096,4110,8.6056
1785553342577071000,702513,1785553341464877,epoch_us,1112.194,4096,4110,8.806
1785553342640201400,702514,1785553341514863,epoch_us,1125.3384,4096,4110,63.1304
1785553342738658500,702515,1785553341564865,epoch_us,1173.7935,4096,4110,98.4571
1785553342746684300,702516,1785553341614860,epoch_us,1131.8243,4096,4110,8.0258
1785553342771670200,702517,1785553341664863,epoch_us,1106.8072,4096,4110,24.9859
1785553342840488300,702518,1785553341714855,epoch_us,1125.6333,4096,4110,68.8181
1785553342944686800,702519,1785553341764859,epoch_us,1179.8278,4096,4110,104.1985
1785553342955632000,702520,1785553341814862,epoch_us,1140.77,4096,4110,10.9452
1785553342970679500,702521,1785553341864862,epoch_us,1105.8175,4096,4110,15.0475
1785553343052875100,702522,1785553341914858,epoch_us,1138.0171,4096,4110,82.1956
1785553343151265400,702523,1785553341964861,epoch_us,1186.4044,4096,4110,98.3903
1785553343161514900,702524,1785553342014855,epoch_us,1146.6599,4096,4110,10.2495
1785553343174387000,702525,1785553342064873,epoch_us,1109.514,4096,4110,12.8721
1785553343251953900,702526,1785553342114854,epoch_us,1137.0999,4096,4110,77.5669
1785553343352274500,702527,1785553342164858,epoch_us,1187.4165,4096,4110,100.3206
1785553343500840600,702528,1785553342214858,epoch_us,1285.9826,4096,4110,148.5661
1785553343514102300,702529,1785553342264857,epoch_us,1249.2453,4096,4110,13.2617
1785553343524861500,702530,1785553342314863,epoch_us,1209.9985,4096,4110,10.7592
1785553343557996700,702531,1785553342364862,epoch_us,1193.1347,4096,4110,33.1352
1785553343567756000,702532,1785553342414857,epoch_us,1152.899,4096,4110,9.7593
1785553343578636800,702533,1785553342464860,epoch_us,1113.7768,4096,4110,10.8808
1785553343660560500,702534,1785553342514856,epoch_us,1145.7045,4096,4110,81.9237
1785553343764047700,702535,1785553342564859,epoch_us,1199.1887,4096,4110,103.4872
1785553343772573600,702536,1785553342614856,epoch_us,1157.7176,4096,4110,8.5259
1785553343781505800,702537,1785553342664957,epoch_us,1116.5488,4096,4110,8.9322
1785553343864516500,702538,1785553342714863,epoch_us,1149.6535,4096,4110,83.0107
1785553343874915800,702539,1785553342765040,epoch_us,1109.8758,4096,4110,10.3993
1785553343920481400,702540,1785553342814865,epoch_us,1105.6164,4096,4110,45.5656
1785553343970378900,702541,1785553342864852,epoch_us,1105.5269,4096,4110,49.8975
1785553344066852000,702542,1785553342914857,epoch_us,1151.995,4096,4110,96.4731
1785553344076853000,702543,1785553342964854,epoch_us,1111.999,4096,4110,10.001
1785553344119423900,702544,1785553343014871,epoch_us,1104.5529,4096,4110,42.5709
1785553344171595000,702545,1785553343064852,epoch_us,1106.743,4096,4110,52.1711
1785553344219648500,702546,1785553343114900,epoch_us,1104.7485,4096,4110,48.0535
1785553344273574900,702547,1785553343164858,epoch_us,1108.7169,4096,4110,53.9264
1785553344375123200,702548,1785553343214859,epoch_us,1160.2642,4096,4110,101.5483
1785553344516488100,702549,1785553343264855,epoch_us,1251.6331,4096,4110,141.3649
1785553344527996100,702550,1785553343314874,epoch_us,1213.1221,4096,4110,11.508
1785553344538484100,702551,1785553343364854,epoch_us,1173.6301,4096,4110,10.488
1785553344580377600,702552,1785553343414862,epoch_us,1165.5156,4096,4110,41.8935
1785553344590422100,702553,1785553343464854,epoch_us,1125.5681,4096,4110,10.0445
1785553344617788300,702554,1785553343514858,epoch_us,1102.9303,4096,4110,27.3662
1785553344686164700,702555,1785553343564856,epoch_us,1121.3087,4096,4110,68.3764
1785553344784930900,702556,1785553343614878,epoch_us,1170.0529,4096,4110,98.7662
1785553344794667800,702557,1785553343664858,epoch_us,1129.8098,4096,4110,9.7369
1785553344819120400,702558,1785553343714866,epoch_us,1104.2544,4096,4110,24.4526
1785553344889834400,702559,1785553343764858,epoch_us,1124.9764,4096,4110,70.714
1785553344991847200,702560,1785553343814864,epoch_us,1176.9832,4096,4110,102.0128
1785553345001567100,702561,1785553343864851,epoch_us,1136.7161,4096,4110,9.7199
1785553345019959200,702562,1785553343914876,epoch_us,1105.0832,4096,4110,18.3921
1785553345095288200,702563,1785553343964855,epoch_us,1130.4332,4096,4110,75.329
1785553345194729000,702564,1785553344014856,epoch_us,1179.873,4096,4110,99.4408
1785553345203534700,702565,1785553344064856,epoch_us,1138.6787,4096,4110,8.8057
1785553345221395100,702566,1785553344114867,epoch_us,1106.5281,4096,4110,17.8604
1785553345296691500,702567,1785553344164854,epoch_us,1131.8375,4096,4110,75.2964
1785553345402286700,702568,1785553344214858,epoch_us,1187.4287,4096,4110,105.5952
1785553345596259600,702569,1785553344264860,epoch_us,1331.3996,4096,4110,193.9729
1785553345608114100,702570,1785553344314860,epoch_us,1293.2541,4096,4110,11.8545
1785553345618438300,702571,1785553344364855,epoch_us,1253.5833,4096,4110,10.3242
1785553345628360400,702572,1785553344414860,epoch_us,1213.5004,4096,4110,9.9221
1785553345639890100,702573,1785553344464860,epoch_us,1175.0301,4096,4110,11.5297
1785553345649296300,702574,1785553344514857,epoch_us,1134.4393,4096,4110,9.4062
1785553345707221900,702575,1785553344564868,epoch_us,1142.3539,4096,4110,57.9256
1785553345760139400,702576,1785553344614859,epoch_us,1145.2804,4096,4110,52.9175
1785553345811865800,702577,1785553344664859,epoch_us,1147.0068,4096,4110,51.7264
1785553345867226600,702578,1785553344714861,epoch_us,1152.3656,4096,4110,55.3608
1785553345909580900,702579,1785553344764877,epoch_us,1144.7039,4096,4110,42.3543
1785553345963742400,702580,1785553344814963,epoch_us,1148.7794,4096,4110,54.1615
1785553346017064100,702581,1785553344864867,epoch_us,1152.1971,4096,4110,53.3217
1785553346027078800,702582,1785553344914864,epoch_us,1112.2148,4096,4110,10.0147
1785553346113854400,702583,1785553344964860,epoch_us,1148.9944,4096,4110,86.7756
1785553346123580900,702584,1785553345014855,epoch_us,1108.7259,4096,4110,9.7265
1785553346174440100,702585,1785553345064858,epoch_us,1109.5821,4096,4110,50.8592
1785553346261294500,702586,1785553345114859,epoch_us,1146.4355,4096,4110,86.8544
1785553346321354200,702587,1785553345164859,epoch_us,1156.4952,4096,4110,60.0597
1785553346331182300,702588,1785553345214851,epoch_us,1116.3313,4096,4110,9.8281
1785553346369852100,702589,1785553345264858,epoch_us,1104.9941,4096,4110,38.6698
1785553346572466100,702590,1785553345314859,epoch_us,1257.6071,4096,4110,202.614
1785553346583686800,702591,1785553345364864,epoch_us,1218.8228,4096,4110,11.2207
1785553346593401800,702592,1785553345414855,epoch_us,1178.5468,4096,4110,9.715
1785553346604453900,702593,1785553345464865,epoch_us,1139.5889,4096,4110,11.0521
1785553346629345400,702594,1785553345514856,epoch_us,1114.4894,4096,4110,24.8915
1785553346730236300,702595,1785553345564861,epoch_us,1165.3753,4096,4110,100.8909
1785553346741428000,702596,1785553345614853,epoch_us,1126.575,4096,4110,11.1917
1785553346769255900,702597,1785553345664862,epoch_us,1104.3939,4096,4110,27.8279
1785553346836608200,702598,1785553345714855,epoch_us,1121.7532,4096,4110,67.3523
1785553346937812700,702599,1785553345764856,epoch_us,1172.9567,4096,4110,101.2045
1785553346952631300,702600,1785553345814860,epoch_us,1137.7713,4096,4110,14.8186
1785553346975332600,702601,1785553345864858,epoch_us,1110.4746,4096,4110,22.7013
1785553347040881500,702602,1785553345914858,epoch_us,1126.0235,4096,4110,65.5489
1785553347140808800,702603,1785553345964873,epoch_us,1175.9358,4096,4110,99.9273
1785553347151743400,702604,1785553346014858,epoch_us,1136.8854,4096,4110,10.9346
1785553347170317600,702605,1785553346064869,epoch_us,1105.4486,4096,4110,18.5742
1785553347244785600,702606,1785553346114854,epoch_us,1129.9316,4096,4110,74.468
1785553347345679400,702607,1785553346164858,epoch_us,1180.8214,4096,4110,100.8938
1785553347356124600,702608,1785553346214853,epoch_us,1141.2716,4096,4110,10.4452
1785553347372264300,702609,1785553346264856,epoch_us,1107.4083,4096,4110,16.1397
1785553347625104400,702610,1785553346314856,epoch_us,1310.2484,4096,4110,252.8401
1785553347635268400,702611,1785553346364861,epoch_us,1270.4074,4096,4110,10.164
1785553347645161900,702612,1785553346414860,epoch_us,1230.3019,4096,4110,9.8935
1785553347655006200,702613,1785553346464862,epoch_us,1190.1442,4096,4110,9.8443
1785553347665039200,702614,1785553346514855,epoch_us,1150.1842,4096,4110,10.033
1785553347754776400,702615,1785553346564870,epoch_us,1189.9064,4096,4110,89.7372
1785553347764417900,702616,1785553346614865,epoch_us,1149.5529,4096,4110,9.6415
1785553347774107800,702617,1785553346664859,epoch_us,1109.2488,4096,4110,9.6899
1785553347858421700,702618,1785553346714867,epoch_us,1143.5547,4096,4110,84.3139
1785553347960108100,702619,1785553346764859,epoch_us,1195.2491,4096,4110,101.6864
1785553347970501100,702620,1785553346814856,epoch_us,1155.6451,4096,4110,10.393
1785553347980066800,702621,1785553346864869,epoch_us,1115.1978,4096,4110,9.5657
1785553348065613300,702622,1785553346914858,epoch_us,1150.7553,4096,4110,85.5465
1785553348075294300,702623,1785553346964874,epoch_us,1110.4203,4096,4110,9.681
1785553348164593700,702624,1785553347014857,epoch_us,1149.7367,4096,4110,89.2994
1785553348217994200,702625,1785553347064860,epoch_us,1153.1342,4096,4110,53.4005
1785553348227951700,702626,1785553347114860,epoch_us,1113.0917,4096,4110,9.9575
1785553348309102000,702627,1785553347164857,epoch_us,1144.245,4096,4110,81.1503
1785553348366832900,702628,1785553347214856,epoch_us,1151.9769,4096,4110,57.7309
1785553348376673200,702629,1785553347264859,epoch_us,1111.8142,4096,4110,9.8403
1785553348490903500,702630,1785553347314867,epoch_us,1176.0365,4096,4110,114.2303
1785553348720102000,702631,1785553347364852,epoch_us,1355.25,4096,4110,229.1985
1785553348730745000,702632,1785553347414861,epoch_us,1315.884,4096,4110,10.643
1785553348739004600,702633,1785553347464854,epoch_us,1274.1506,4096,4110,8.2596
1785553348747524400,702634,1785553347514866,epoch_us,1232.6584,4096,4110,8.5198
1785553348756888700,702635,1785553347564859,epoch_us,1192.0297,4096,4110,9.3643
1785553348766893900,702636,1785553347614867,epoch_us,1152.0269,4096,4110,10.0052
1785553348779614500,702637,1785553347664854,epoch_us,1114.7605,4096,4110,12.7206
1785553348879123400,702638,1785553347714864,epoch_us,1164.2594,4096,4110,99.5089
1785553348886020300,702639,1785553347764857,epoch_us,1121.1633,4096,4110,6.8969
1785553348919442900,702640,1785553347814868,epoch_us,1104.5749,4096,4110,33.4226
1785553348985785000,702641,1785553347864854,epoch_us,1120.931,4096,4110,66.3421
1785553349086352900,702642,1785553347914872,epoch_us,1171.4809,4096,4110,100.5679
1785553349097105900,702643,1785553347964858,epoch_us,1132.2479,4096,4110,10.753
1785553349119852200,702644,1785553348014858,epoch_us,1104.9942,4096,4110,22.7463
1785553349190776700,702645,1785553348064856,epoch_us,1125.9207,4096,4110,70.9245
1785553349289704200,702646,1785553348114866,epoch_us,1174.8382,4096,4110,98.9275
1785553349298404100,702647,1785553348164853,epoch_us,1133.5511,4096,4110,8.6999
1785553349316721900,702648,1785553348214873,epoch_us,1101.8489,4096,4110,18.3178
1785553349395816900,702649,1785553348264854,epoch_us,1130.9629,4096,4110,79.095
1785553349495473000,702650,1785553348314862,epoch_us,1180.611,4096,4110,99.6561
1785553349783957000,702651,1785553348364851,epoch_us,1419.106,4096,4110,288.484
1785553349794067600,702652,1785553348414862,epoch_us,1379.2056,4096,4110,10.1106
1785553349803259300,702653,1785553348464861,epoch_us,1338.3983,4096,4110,9.1917
1785553349812516800,702654,1785553348514862,epoch_us,1297.6548,4096,4110,9.2575
1785553349822861000,702655,1785553348564857,epoch_us,1258.004,4096,4110,10.3442
1785553349831632400,702656,1785553348614863,epoch_us,1216.7694,4096,4110,8.7714
1785553349841067400,702657,1785553348664861,epoch_us,1176.2064,4096,4110,9.435
1785553349905634100,702658,1785553348714857,epoch_us,1190.7771,4096,4110,64.5667
1785553349914613500,702659,1785553348764856,epoch_us,1149.7575,4096,4110,8.9794
1785553349924039100,702660,1785553348814858,epoch_us,1109.1811,4096,4110,9.4256
1785553350011251100,702661,1785553348864856,epoch_us,1146.3951,4096,4110,87.212
1785553350110921000,702662,1785553348914859,epoch_us,1196.062,4096,4110,99.6699
1785553350120894000,702663,1785553348964856,epoch_us,1156.038,4096,4110,9.973
1785553350129951900,702664,1785553349014948,epoch_us,1115.0039,4096,4110,9.0579
1785553350215643700,702665,1785553349064863,epoch_us,1150.7807,4096,4110,85.6918
1785553350225611500,702666,1785553349115081,epoch_us,1110.5305,4096,4110,9.9678
1785553350313844400,702667,1785553349164859,epoch_us,1148.9854,4096,4110,88.2329
1785553350362008800,702668,1785553349214858,epoch_us,1147.1508,4096,4110,48.1644
1785553350416724100,702669,1785553349264859,epoch_us,1151.8651,4096,4110,54.7153
1785553350427166600,702670,1785553349314859,epoch_us,1112.3076,4096,4110,10.4425
1785553350469375000,702671,1785553349364863,epoch_us,1104.512,4096,4110,42.2084
1785553350692890800,702672,1785553349414856,epoch_us,1278.0348,4096,4110,223.5158
1785553350705072600,702673,1785553349464867,epoch_us,1240.2056,4096,4110,12.1818
1785553350715040000,702674,1785553349514858,epoch_us,1200.182,4096,4110,9.9674
1785553350725906600,702675,1785553349564859,epoch_us,1161.0476,4096,4110,10.8666
1785553350735747300,702676,1785553349614855,epoch_us,1120.8923,4096,4110,9.8407
1785553350769041100,702677,1785553349664868,epoch_us,1104.1731,4096,4110,33.2938
1785553350828632000,702678,1785553349714856,epoch_us,1113.776,4096,4110,59.5909
1785553350929608100,702679,1785553349764859,epoch_us,1164.7491,4096,4110,100.9761
1785553350940032300,702680,1785553349814852,epoch_us,1125.1803,4096,4110,10.4242
1785553350970265700,702681,1785553349864868,epoch_us,1105.3977,4096,4110,30.2334
1785553351034631800,702682,1785553349914859,epoch_us,1119.7728,4096,4110,64.3661
1785553351133698300,702683,1785553349964860,epoch_us,1168.8383,4096,4110,99.0665
1785553351142967800,702684,1785553350014859,epoch_us,1128.1088,4096,4110,9.2695
1785553351169625500,702685,1785553350064869,epoch_us,1104.7565,4096,4110,26.6577
1785553351238129000,702686,1785553350114853,epoch_us,1123.276,4096,4110,68.5035
1785553351337819800,702687,1785553350164867,epoch_us,1172.9528,4096,4110,99.6908
1785553351349056200,702688,1785553350214859,epoch_us,1134.1972,4096,4110,11.2364
1785553351370950700,702689,1785553350265409,epoch_us,1105.5417,4096,4110,21.8945
1785553351443478300,702690,1785553350314856,epoch_us,1128.6223,4096,4110,72.5276
1785553351543089200,702691,1785553350364874,epoch_us,1178.2152,4096,4110,99.6109
1785553351700553200,702692,1785553350414859,epoch_us,1285.6942,4096,4110,157.464
1785553351711430100,702693,1785553350464860,epoch_us,1246.5701,4096,4110,10.8769
1785553351720450900,702694,1785553350514856,epoch_us,1205.5949,4096,4110,9.0208
1785553351749025600,702695,1785553350564865,epoch_us,1184.1606,4096,4110,28.5747
1785553351758778800,702696,1785553350614854,epoch_us,1143.9248,4096,4110,9.7532
1785553351770346600,702697,1785553350664860,epoch_us,1105.4866,4096,4110,11.5678
1785553351852369500,702698,1785553350714857,epoch_us,1137.5125,4096,4110,82.0229
1785553351953156200,702699,1785553350764862,epoch_us,1188.2942,4096,4110,100.7867
1785553351963927400,702700,1785553350814860,epoch_us,1149.0674,4096,4110,10.7712
1785553351974146400,702701,1785553350864862,epoch_us,1109.2844,4096,4110,10.219
1785553352055923200,702702,1785553350914861,epoch_us,1141.0622,4096,4110,81.7768
1785553352157497500,702703,1785553350964858,epoch_us,1192.6395,4096,4110,101.5743
1785553352167425300,702704,1785553351014858,epoch_us,1152.5673,4096,4110,9.9278
1785553352177360500,702705,1785553351064858,epoch_us,1112.5025,4096,4110,9.9352
1785553352264083800,702706,1785553351114855,epoch_us,1149.2288,4096,4110,86.7233
1785553352317208700,702707,1785553351164858,epoch_us,1152.3507,4096,4110,53.1249
1785553352368134700,702708,1785553351214857,epoch_us,1153.2777,4096,4110,50.926
1785553352418365200,702709,1785553351265121,epoch_us,1153.2442,4096,4110,50.2305
1785553352463788100,702710,1785553351314866,epoch_us,1148.9221,4096,4110,45.4229
1785553352473474800,702711,1785553351366085,epoch_us,1107.3898,4096,4110,9.6867
1785553352520666200,702712,1785553351414855,epoch_us,1105.8112,4096,4110,47.1914
1785553352727009200,702713,1785553351464858,epoch_us,1262.1512,4096,4110,206.343
1785553352737074900,702714,1785553351514864,epoch_us,1222.2109,4096,4110,10.0657
1785553352745096800,702715,1785553351564852,epoch_us,1180.2448,4096,4110,8.0219
1785553352754485800,702716,1785553351614872,epoch_us,1139.6138,4096,4110,9.389
1785553352772763700,702717,1785553351664857,epoch_us,1107.9067,4096,4110,18.2779
1785553352826289400,702718,1785553351714861,epoch_us,1111.4284,4096,4110,53.5257
1785553352875501100,702719,1785553351764858,epoch_us,1110.6431,4096,4110,49.2117
1785553352917737900,702720,1785553351814860,epoch_us,1102.8779,4096,4110,42.2368
1785553352977367900,702721,1785553351864855,epoch_us,1112.5129,4096,4110,59.63
1785553353078037800,702722,1785553351914870,epoch_us,1163.1678,4096,4110,100.6699
1785553353086901300,702723,1785553351964854,epoch_us,1122.0473,4096,4110,8.8635
1785553353121951700,702724,1785553352014862,epoch_us,1107.0897,4096,4110,35.0504
1785553353183774200,702725,1785553352064861,epoch_us,1118.9132,4096,4110,61.8225
1785553353285368100,702726,1785553352114862,epoch_us,1170.5061,4096,4110,101.5939
1785553353295123600,702727,1785553352164855,epoch_us,1130.2686,4096,4110,9.7555
1785553353319146900,702728,1785553352214875,epoch_us,1104.2719,4096,4110,24.0233
1785553353388125700,702729,1785553352264859,epoch_us,1123.2667,4096,4110,68.9788
1785553353488422700,702730,1785553352314863,epoch_us,1173.5597,4096,4110,100.297
1785553353497882200,702731,1785553352364855,epoch_us,1133.0272,4096,4110,9.4595
1785553353518939600,702732,1785553352414862,epoch_us,1104.0776,4096,4110,21.0574
1785553353779910600,702733,1785553352464854,epoch_us,1315.0566,4096,4110,260.971
1785553353791441200,702734,1785553352514863,epoch_us,1276.5782,4096,4110,11.5306
1785553353801037000,702735,1785553352564858,epoch_us,1236.179,4096,4110,9.5958
1785553353810895900,702736,1785553352614857,epoch_us,1196.0389,4096,4110,9.8589
1785553353820010000,702737,1785553352664859,epoch_us,1155.151,4096,4110,9.1141
1785553353900276900,702738,1785553352714857,epoch_us,1185.4199,4096,4110,80.2669
1785553353909332200,702739,1785553352764859,epoch_us,1144.4732,4096,4110,9.0553
1785553353920402900,702740,1785553352814865,epoch_us,1105.5379,4096,4110,11.0707
1785553354002177600,702741,1785553352864864,epoch_us,1137.3136,4096,4110,81.7747
1785553354103046000,702742,1785553352914859,epoch_us,1188.187,4096,4110,100.8684
1785553354112315500,702743,1785553352964860,epoch_us,1147.4555,4096,4110,9.2695
1785553354121835000,702744,1785553353014864,epoch_us,1106.971,4096,4110,9.5195
1785553354205025100,702745,1785553353064855,epoch_us,1140.1701,4096,4110,83.1901
1785553354261669100,702746,1785553353114859,epoch_us,1146.8101,4096,4110,56.644
1785553354310777400,702747,1785553353164863,epoch_us,1145.9144,4096,4110,49.1083
1785553354413009300,702748,1785553353214860,epoch_us,1198.1493,4096,4110,102.2319
1785553354422107800,702749,1785553353264857,epoch_us,1157.2508,4096,4110,9.0985
1785553354431928500,702750,1785553353314946,epoch_us,1116.9825,4096,4110,9.8207
1785553354516909800,702751,1785553353364857,epoch_us,1152.0528,4096,4110,84.9813
1785553354529780100,702752,1785553353414922,epoch_us,1114.8581,4096,4110,12.8703
1785553354617178600,702753,1785553353464865,epoch_us,1152.3136,4096,4110,87.3985
1785553354813524500,702754,1785553353515033,epoch_us,1298.4915,4096,4110,196.3459
1785553354826333500,702755,1785553353564858,epoch_us,1261.4755,4096,4110,12.809
1785553354835562300,702756,1785553353614867,epoch_us,1220.6953,4096,4110,9.2288
1785553354844809600,702757,1785553353664861,epoch_us,1179.9486,4096,4110,9.2473
1785553354852527200,702758,1785553353714876,epoch_us,1137.6512,4096,4110,7.7176
1785553354877964800,702759,1785553353764861,epoch_us,1113.1038,4096,4110,25.4376
1785553354928734800,702760,1785553353814863,epoch_us,1113.8718,4096,4110,50.77
1785553354969545000,702761,1785553353864858,epoch_us,1104.687,4096,4110,40.8102
1785553355030226500,702762,1785553353914859,epoch_us,1115.3675,4096,4110,60.6815
1785553355127878900,702763,1785553353964859,epoch_us,1163.0199,4096,4110,97.6524
1785553355137001600,702764,1785553354014858,epoch_us,1122.1436,4096,4110,9.1227
1785553355171561500,702765,1785553354064871,epoch_us,1106.6905,4096,4110,34.5599
1785553355230207500,702766,1785553354114854,epoch_us,1115.3535,4096,4110,58.646
1785553355333510700,702767,1785553354164863,epoch_us,1168.6477,4096,4110,103.3032
1785553355345068400,702768,1785553354214851,epoch_us,1130.2174,4096,4110,11.5577
1785553355372619100,702769,1785553354264858,epoch_us,1107.7611,4096,4110,27.5507
1785553355436529300,702770,1785553354314856,epoch_us,1121.6733,4096,4110,63.9102
1785553355540228200,702771,1785553354364864,epoch_us,1175.3642,4096,4110,103.6989
1785553355550725400,702772,1785553354414856,epoch_us,1135.8694,4096,4110,10.4972
1785553355571291400,702773,1785553354464862,epoch_us,1106.4294,4096,4110,20.566
1785553355821841000,702774,1785553354514856,epoch_us,1306.985,4096,4110,250.5496
1785553355833062400,702775,1785553354564861,epoch_us,1268.2014,4096,4110,11.2214
1785553355842829200,702776,1785553354614856,epoch_us,1227.9732,4096,4110,9.7668
1785553355851602100,702777,1785553354664869,epoch_us,1186.7331,4096,4110,8.7729
1785553355861960400,702778,1785553354714857,epoch_us,1147.1034,4096,4110,10.3583
1785553355947795900,702779,1785553354764860,epoch_us,1182.9359,4096,4110,85.8355
1785553355955592200,702780,1785553354814869,epoch_us,1140.7232,4096,4110,7.7963
1785553355971410600,702781,1785553354864866,epoch_us,1106.5446,4096,4110,15.8184
1785553356052734800,702782,1785553354914855,epoch_us,1137.8798,4096,4110,81.3242
1785553356080828400,702783,1785553354964857,epoch_us,1115.9714,4096,4110,28.0936
1785553356153744900,702784,1785553355014862,epoch_us,1138.8829,4096,4110,72.9165
1785553356250396300,702785,1785553355064860,epoch_us,1185.5363,4096,4110,96.6514
1785553356262448400,702786,1785553355114863,epoch_us,1147.5854,4096,4110,12.0521
1785553356274298100,702787,1785553355164861,epoch_us,1109.4371,4096,4110,11.8497
1785553356360748200,702788,1785553355214856,epoch_us,1145.8922,4096,4110,86.4501
1785553356459999300,702789,1785553355264858,epoch_us,1195.1413,4096,4110,99.2511
1785553356469908000,702790,1785553355315081,epoch_us,1154.827,4096,4110,9.9087
1785553356479674900,702791,1785553355364865,epoch_us,1114.8099,4096,4110,9.7669
1785553356562909400,702792,1785553355414859,epoch_us,1148.0504,4096,4110,83.2345
1785553356610225500,702793,1785553355465027,epoch_us,1145.1985,4096,4110,47.3161
1785553356664446700,702794,1785553355514857,epoch_us,1149.5897,4096,4110,54.2212
1785553356886446400,702795,1785553355564861,epoch_us,1321.5854,4096,4110,221.9997
1785553356899954700,702796,1785553355614865,epoch_us,1285.0897,4096,4110,13.5083
1785553356910291000,702797,1785553355664854,epoch_us,1245.437,4096,4110,10.3363
1785553356919860100,702798,1785553355714864,epoch_us,1204.9961,4096,4110,9.5691
1785553356930553400,702799,1785553355764858,epoch_us,1165.6954,4096,4110,10.6933
1785553356940226500,702800,1785553355814862,epoch_us,1125.3645,4096,4110,9.6731
1785553356976233800,702801,1785553355864856,epoch_us,1111.3778,4096,4110,36.0073
1785553357073045800,702802,1785553355914858,epoch_us,1158.1878,4096,4110,96.812
1785553357083447300,702803,1785553355964854,epoch_us,1118.5933,4096,4110,10.4015
1785553357120791300,702804,1785553356014860,epoch_us,1105.9313,4096,4110,37.344
1785553357178183600,702805,1785553356064855,epoch_us,1113.3286,4096,4110,57.3923
1785553357279814000,702806,1785553356114863,epoch_us,1164.951,4096,4110,101.6304
1785553357289369100,702807,1785553356164853,epoch_us,1124.5161,4096,4110,9.5551
1785553357322719700,702808,1785553356214869,epoch_us,1107.8507,4096,4110,33.3506
1785553357381414500,702809,1785553356264855,epoch_us,1116.5595,4096,4110,58.6948
1785553357484796600,702810,1785553356314864,epoch_us,1169.9326,4096,4110,103.3821
1785553357495689900,702811,1785553356364856,epoch_us,1130.8339,4096,4110,10.8933
1785553357518812100,702812,1785553356414871,epoch_us,1103.9411,4096,4110,23.1222
1785553357585612300,702813,1785553356464857,epoch_us,1120.7553,4096,4110,66.8002
1785553357691464900,702814,1785553356514858,epoch_us,1176.6069,4096,4110,105.8526
1785553357892830500,702815,1785553356564853,epoch_us,1327.9775,4096,4110,201.3656
1785553357904740900,702816,1785553356614865,epoch_us,1289.8759,4096,4110,11.9104
1785553357913906600,702817,1785553356664852,epoch_us,1249.0546,4096,4110,9.1657
1785553357922889000,702818,1785553356714860,epoch_us,1208.029,4096,4110,8.9824
1785553357931093000,702819,1785553356764856,epoch_us,1166.237,4096,4110,8.204
1785553357939043600,702820,1785553356814868,epoch_us,1124.1756,4096,4110,7.9506
1785553357996395000,702821,1785553356864858,epoch_us,1131.537,4096,4110,57.3514
1785553358026357500,702822,1785553356914860,epoch_us,1111.4975,4096,4110,29.9625
1785553358100289100,702823,1785553356964856,epoch_us,1135.4331,4096,4110,73.9316
1785553358201759400,702824,1785553357014860,epoch_us,1186.8994,4096,4110,101.4703
1785553358211965800,702825,1785553357064855,epoch_us,1147.1108,4096,4110,10.2064
1785553358227507600,702826,1785553357114861,epoch_us,1112.6466,4096,4110,15.5418
1785553358303954700,702827,1785553357164856,epoch_us,1139.0987,4096,4110,76.4471
1785553358330077000,702828,1785553357214856,epoch_us,1115.221,4096,4110,26.1223
1785553358406991300,702829,1785553357264857,epoch_us,1142.1343,4096,4110,76.9143
1785553358509017600,702830,1785553357314860,epoch_us,1194.1576,4096,4110,102.0263
1785553358519606700,702831,1785553357364874,epoch_us,1154.7327,4096,4110,10.5891
1785553358529507600,702832,1785553357414861,epoch_us,1114.6466,4096,4110,9.9009
1785553358612114600,702833,1785553357464868,epoch_us,1147.2466,4096,4110,82.607
1785553358661465100,702834,1785553357514866,epoch_us,1146.5991,4096,4110,49.3505
1785553358862105400,702835,1785553357564858,epoch_us,1297.2474,4096,4110,200.6403
1785553358874063100,702836,1785553357614913,epoch_us,1259.1501,4096,4110,11.9577
1785553358884206100,702837,1785553357664857,epoch_us,1219.3491,4096,4110,10.143
1785553358893962100,702838,1785553357714852,epoch_us,1179.1101,4096,4110,9.756
1785553358920467400,702839,1785553357764859,epoch_us,1155.6084,4096,4110,26.5053
1785553358932150400,702840,1785553357814903,epoch_us,1117.2474,4096,4110,11.683
1785553359017729600,702841,1785553357864858,epoch_us,1152.8716,4096,4110,85.5792
1785553359068189700,702842,1785553357914852,epoch_us,1153.3377,4096,4110,50.4601
1785553359078572300,702843,1785553357964863,epoch_us,1113.7093,4096,4110,10.3826
1785553359124253200,702844,1785553358014860,epoch_us,1109.3932,4096,4110,45.6809
1785553359170050000,702845,1785553358064868,epoch_us,1105.182,4096,4110,45.7968
1785553359228489800,702846,1785553358114856,epoch_us,1113.6338,4096,4110,58.4398
1785553359335922100,702847,1785553358164863,epoch_us,1171.0591,4096,4110,107.4323
1785553359351181800,702848,1785553358214854,epoch_us,1136.3278,4096,4110,15.2597
1785553359368356900,702849,1785553358264856,epoch_us,1103.5009,4096,4110,17.1751
1785553359430192200,702850,1785553358314855,epoch_us,1115.3372,4096,4110,61.8353
1785553359531557600,702851,1785553358364865,epoch_us,1166.6926,4096,4110,101.3654
1785553359544745400,702852,1785553358414858,epoch_us,1129.8874,4096,4110,13.1878
1785553359574610300,702853,1785553358464871,epoch_us,1109.7393,4096,4110,29.8649
1785553359636359100,702854,1785553358514858,epoch_us,1121.5011,4096,4110,61.7488
1785553359737107300,702855,1785553358564862,epoch_us,1172.2453,4096,4110,100.7482
1785553359900028900,702856,1785553358614860,epoch_us,1285.1689,4096,4110,162.9216
1785553359913923100,702857,1785553358664875,epoch_us,1249.0481,4096,4110,13.8942
1785553359922395700,702858,1785553358714853,epoch_us,1207.5427,4096,4110,8.4726
1785553359942875100,702859,1785553358764870,epoch_us,1178.0051,4096,4110,20.4794
1785553359953270300,702860,1785553358814862,epoch_us,1138.4083,4096,4110,10.3952
1785553359969827700,702861,1785553358864857,epoch_us,1104.9707,4096,4110,16.5574
1785553360044489200,702862,1785553358914854,epoch_us,1129.6352,4096,4110,74.6615
1785553360144476700,702863,1785553358964867,epoch_us,1179.6097,4096,4110,99.9875
1785553360153959500,702864,1785553359014864,epoch_us,1139.0955,4096,4110,9.4828
1785553360176519100,702865,1785553359064862,epoch_us,1111.6571,4096,4110,22.5596
1785553360250234400,702866,1785553359114860,epoch_us,1135.3744,4096,4110,73.7153
1785553360349654900,702867,1785553359164858,epoch_us,1184.7969,4096,4110,99.4205
1785553360359630500,702868,1785553359214859,epoch_us,1144.7715,4096,4110,9.9756
1785553360368777000,702869,1785553359264858,epoch_us,1103.919,4096,4110,9.1465
1785553360454913700,702870,1785553359314857,epoch_us,1140.0567,4096,4110,86.1367
1785553360554668900,702871,1785553359364858,epoch_us,1189.8109,4096,4110,99.7552
1785553360564376300,702872,1785553359414858,epoch_us,1149.5183,4096,4110,9.7074
1785553360574386700,702873,1785553359464866,epoch_us,1109.5207,4096,4110,10.0104
1785553360659563000,702874,1785553359514855,epoch_us,1144.708,4096,4110,85.1763
1785553360760948800,702875,1785553359564864,epoch_us,1196.0848,4096,4110,101.3858
1785553360914148900,702876,1785553359614867,epoch_us,1299.2819,4096,4110,153.2001
1785553360924865800,702877,1785553359664925,epoch_us,1259.9408,4096,4110,10.7169
1785553360934808400,702878,1785553359714858,epoch_us,1219.9504,4096,4110,9.9426
1785553360941274000,702879,1785553359764866,epoch_us,1176.408,4096,4110,6.4656
1785553360966945200,702880,1785553359814864,epoch_us,1152.0812,4096,4110,25.6712
1785553360975749500,702881,1785553359864880,epoch_us,1110.8695,4096,4110,8.8043
1785553361021053500,702882,1785553359914879,epoch_us,1106.1745,4096,4110,45.304
1785553361070100300,702883,1785553359964856,epoch_us,1105.2443,4096,4110,49.0468
1785553361118265600,702884,1785553360014857,epoch_us,1103.4086,4096,4110,48.1653
1785553361169569200,702885,1785553360064857,epoch_us,1104.7122,4096,4110,51.3036
1785553361220655200,702886,1785553360114858,epoch_us,1105.7972,4096,4110,51.086
1785553361272045200,702887,1785553360164856,epoch_us,1107.1892,4096,4110,51.39
1785553361372869600,702888,1785553360214871,epoch_us,1157.9986,4096,4110,100.8244
1785553361381490800,702889,1785553360264859,epoch_us,1116.6318,4096,4110,8.6212
1785553361419054100,702890,1785553360314865,epoch_us,1104.1891,4096,4110,37.5633
1785553361478367500,702891,1785553360364852,epoch_us,1113.5155,4096,4110,59.3134
1785553361578981500,702892,1785553360414862,epoch_us,1164.1195,4096,4110,100.614
1785553361587235800,702893,1785553360464856,epoch_us,1122.3798,4096,4110,8.2543
1785553361617117300,702894,1785553360514859,epoch_us,1102.2583,4096,4110,29.8815
1785553361681110000,702895,1785553360564863,epoch_us,1116.247,4096,4110,63.9927
1785553361783814000,702896,1785553360614860,epoch_us,1168.954,4096,4110,102.704
1785553361985450300,702897,1785553360664860,epoch_us,1320.5903,4096,4110,201.6363
1785553361996884700,702898,1785553360714859,epoch_us,1282.0257,4096,4110,11.4344
1785553362007165200,702899,1785553360764859,epoch_us,1242.3062,4096,4110,10.2805
1785553362016715300,702900,1785553360814869,epoch_us,1201.8463,4096,4110,9.5501
1785553362025256500,702901,1785553360864861,epoch_us,1160.3955,4096,4110,8.5412
1785553362035769400,702902,1785553360914862,epoch_us,1120.9074,4096,4110,10.5129
1785553362090000700,702903,1785553360964855,epoch_us,1125.1457,4096,4110,54.2313
1785553362192067000,702904,1785553361014858,epoch_us,1177.209,4096,4110,102.0663
1785553362200730700,702905,1785553361064861,epoch_us,1135.8697,4096,4110,8.6637
1785553362219233000,702906,1785553361114873,epoch_us,1104.36,4096,4110,18.5023
1785553362297681600,702907,1785553361164859,epoch_us,1132.8226,4096,4110,78.4486
1785553362397705000,702908,1785553361214861,epoch_us,1182.844,4096,4110,100.0234
1785553362406928700,702909,1785553361264854,epoch_us,1142.0747,4096,4110,9.2237
1785553362419620600,702910,1785553361314862,epoch_us,1104.7586,4096,4110,12.6919
1785553362502845200,702911,1785553361364858,epoch_us,1137.9872,4096,4110,83.2246
1785553362602742900,702912,1785553361414856,epoch_us,1187.8869,4096,4110,99.8977
1785553362613363300,702913,1785553361464870,epoch_us,1148.4933,4096,4110,10.6204
1785553362623107200,702914,1785553361514862,epoch_us,1108.2452,4096,4110,9.7439
1785553362705824300,702915,1785553361564862,epoch_us,1140.9623,4096,4110,82.7171
1785553362759000800,702916,1785553361614860,epoch_us,1144.1408,4096,4110,53.1765
1785553362972922800,702917,1785553361664856,epoch_us,1308.0668,4096,4110,213.922
1785553362985868200,702918,1785553361714859,epoch_us,1271.0092,4096,4110,12.9454
1785553362995209800,702919,1785553361764856,epoch_us,1230.3538,4096,4110,9.3416
1785553363004801400,702920,1785553361814911,epoch_us,1189.8904,4096,4110,9.5916
1785553363014475000,702921,1785553361864856,epoch_us,1149.619,4096,4110,9.6736
1785553363023066400,702922,1785553361915107,epoch_us,1107.9594,4096,4110,8.5914
1785553363115922500,702923,1785553361964860,epoch_us,1151.0625,4096,4110,92.8561
1785553363125962500,702924,1785553362014863,epoch_us,1111.0995,4096,4110,10.04
1785553363168268000,702925,1785553362064865,epoch_us,1103.403,4096,4110,42.3055
1785553363219126700,702926,1785553362114854,epoch_us,1104.2727,4096,4110,50.8587
1785553363269312600,702927,1785553362164858,epoch_us,1104.4546,4096,4110,50.1859
1785553363320126900,702928,1785553362214855,epoch_us,1105.2719,4096,4110,50.8143
1785553363420295600,702929,1785553362264858,epoch_us,1155.4376,4096,4110,100.1687
1785553363429823000,702930,1785553362314859,epoch_us,1114.964,4096,4110,9.5274
1785553363526093900,702931,1785553362364872,epoch_us,1161.2219,4096,4110,96.2709
1785553363536507300,702932,1785553362414856,epoch_us,1121.6513,4096,4110,10.4134
1785553363568479400,702933,1785553362464863,epoch_us,1103.6164,4096,4110,31.9721
1785553363627622300,702934,1785553362514856,epoch_us,1112.7663,4096,4110,59.1429
1785553363728070000,702935,1785553362564862,epoch_us,1163.208,4096,4110,100.4477
1785553363737319900,702936,1785553362614854,epoch_us,1122.4659,4096,4110,9.2499
1785553363768264800,702937,1785553362664862,epoch_us,1103.4028,4096,4110,30.9449
1785553363997020600,702938,1785553362714854,epoch_us,1282.1666,4096,4110,228.7558
1785553364006320200,702939,1785553362764857,epoch_us,1241.4632,4096,4110,9.2996
1785553364016345000,702940,1785553362814860,epoch_us,1201.485,4096,4110,10.0248
1785553364025332400,702941,1785553362864863,epoch_us,1160.4694,4096,4110,8.9874
1785553364038693700,702942,1785553362914855,epoch_us,1123.8387,4096,4110,13.3613
1785553364139106700,702943,1785553362964867,epoch_us,1174.2397,4096,4110,100.413
1785553364147365100,702944,1785553363014857,epoch_us,1132.5081,4096,4110,8.2584
1785553364167255100,702945,1785553363064862,epoch_us,1102.3931,4096,4110,19.89
1785553364245142200,702946,1785553363114858,epoch_us,1130.2842,4096,4110,77.8871
1785553364344583200,702947,1785553363164860,epoch_us,1179.7232,4096,4110,99.441
1785553364354162300,702948,1785553363214863,epoch_us,1139.2993,4096,4110,9.5791
1785553364371784300,702949,1785553363264858,epoch_us,1106.9263,4096,4110,17.622
1785553364446641900,702950,1785553363314854,epoch_us,1131.7879,4096,4110,74.8576
1785553364548365100,702951,1785553363364863,epoch_us,1183.5021,4096,4110,101.7232
1785553364557597000,702952,1785553363414853,epoch_us,1142.744,4096,4110,9.2319
1785553364569928500,702953,1785553363464861,epoch_us,1105.0675,4096,4110,12.3315
1785553364650053800,702954,1785553363514856,epoch_us,1135.1978,4096,4110,80.1253
1785553364754451200,702955,1785553363564860,epoch_us,1189.5912,4096,4110,104.3974
1785553364764233800,702956,1785553363614871,epoch_us,1149.3628,4096,4110,9.7826
1785553364773311800,702957,1785553363664866,epoch_us,1108.4458,4096,4110,9.078
